Direct emissions from agriculture emissions in Gg N/year,,,,,,,,,,,,,,,,,,,,,,,,,,,,,,,,,,,,,,,,,,,,,,,,,,,,,,,,,,,,,,,,,,,,,,,,,,,,,,,,,,,,,,,,,,,,,,,,,,,,,,,,,,,,,,,,,,,,,,,,,,,,,,,,,,,,,,,,,,,,,,,,,,,,,,,,,,,,,,,,,,,,,,,,,,,,,,,,,,,,,,,,,,,,,,,,,,
,Afghanistan,Albania,Algeria,Andorra,Angola,Antigua and Barbuda,Argentina,Armenia,Australia,Austria,Azerbaijan,Bahamas,Bahrain,Bangladesh,Barbados,Belarus,Belgium,Belize,Benin,Bhutan,Bolivia,Bosnia and Herzegovina,Botswana,Brazil,Brunei Darussalam,Bulgaria,Burkina Faso,Burundi,Cambodia,Cameroon,Canada,Cape Verde,Central African Republic,Chad,Chile,China,Colombia,Comoros,Congo,Cook Islands,Costa Rica,Croatia,Cuba,Cyprus,Czech Republic,Côte d'Ivoire,Democratic Republic of the Congo,Denmark,Djibouti,Dominica,Dominican Republic,Ecuador,Egypt,El Salvador,Equatorial Guinea,Eritrea,Estonia,Ethiopia,Fiji,Finland,France,Gabon,Gambia,Georgia,Germany,Ghana,Greece,Grenada,Guatemala,Guinea,Guinea-Bissau,Guyana,Haiti,Honduras,Hungary,Iceland,India,Indonesia,Iran,Iraq,Ireland,Israel,Italy,Jamaica,Japan,Jordan,Kazakhstan,Kenya,Kiribati,Kuwait,Kyrgyzstan,Laos,Latvia,Lebanon,Lesotho,Liberia,Libya,Liechtenstein,Lithuania,Luxembourg,Madagascar,Malawi,Malaysia,Maldives,Mali,Malta,Marshall Islands,Mauritania,Mauritius,Mexico,Micronesia (Federated States of),Moldova,Mongolia,Montenegro,Morocco,Mozambique,Myanmar,Namibia,Nauru,Nepal,Netherlands,New Zealand,Nicaragua,Niger,Nigeria,Niue,North Korea,North Macedonia,Norway,Occupied Palestinian Territory,Oman,Pakistan,Palau,Panama,Papua New Guinea,Paraguay,Peru,Philippines,Poland,Portugal,Qatar,Republic of South Sudan,Romania,Russian Federation,Rwanda,Saint Kitts and Nevis,Saint Lucia,Saint Vincent and the Grenadines,Samoa,Sao Tome and Principe,Saudi Arabia,Senegal,Serbia,Seychelles,Sierra Leone,Singapore,Slovakia,Slovenia,Solomon Islands,Somalia,South Africa,South Korea,Spain,Sri Lanka,Sudan,Suriname,Swaziland,Sweden,Switzerland,Syria,Tajikistan,Tanzania,Thailand,Timor-Leste,Togo,Tonga,Trinidad and Tobago,Tunisia,Turkey,Turkmenistan,Tuvalu,Uganda,Ukraine,United Arab Emirates,United Kingdom,United States of America,Uruguay,Uzbekistan,Vanuatu,Venezuela,Vietnam,Yemen,Zambia,Zimbabwe
1980,4.86,1.66,3.78,0,2.82,0.01,57.11,0.88,58.06,5.36,2.91,0.01,0.01,13.36,0.04,13.65,5.5,0.09,1.47,0.16,5.84,1.36,2.33,131.57,0.06,9.8,3.51,1.03,1.61,4.7,23.58,0.03,1.65,3.75,4.92,283.93,25.32,0.06,0.16,0.01,2.35,3.38,8.85,0.17,9.9,1.27,2.78,8.85,0.15,0.01,2.31,4.23,8.79,1.74,0.01,0.73,2.16,15.36,0.32,4.19,64.08,0.1,0.26,2.3,62,1.67,6.7,0.01,3.33,1.3,0.41,1.26,1.68,2.49,11.57,0.3,142.58,39.14,12.99,3.82,8.91,0.99,23.55,0.36,14.46,0.37,20.2,10.95,0,0.11,3.12,1.43,3.67,0.4,0.77,0.18,1.1,0,5.57,0.34,9.95,1.2,5.55,0,6.16,0.02,0,1.89,0.09,45.54,0,2.56,4.78,0.03,6.42,1.59,11.76,2.52,0,4.08,11.4,22.09,3.48,5.83,15.13,0,7.44,1.38,1.84,0.05,0.22,23.7,0,1.31,0.28,5.13,6.31,9.49,38.75,4.13,0.03,0.76,21.09,109.07,1.08,0.01,0.01,0.01,0.03,0,1.39,2.31,5.9,0.01,0.45,0.11,3.59,1.38,0.03,7.56,21.59,6.75,18.04,1.96,19.54,0.14,0.62,6.43,3.11,3.23,2.45,13.8,13.78,0.12,0.37,0.03,0.14,1.69,30.63,2.72,0,5.85,50.92,0.11,33.15,247.18,14.95,12.5,0.1,12.69,7.33,1.73,4.4,5.46
1981,4.79,1.71,3.67,0,2.86,0.01,56.53,0.91,59.74,5.42,3.03,0.01,0.01,13.2,0.04,13.48,5.58,0.09,1.5,0.16,6.23,1.4,2.36,134.21,0.06,10.4,3.66,0.9,1.78,4.65,24.78,0.03,1.7,3.76,4.96,286.35,25.74,0.06,0.17,0,2.43,3.66,9.14,0.18,10.16,1.23,2.83,8.58,0.14,0.01,2.18,4.2,8.98,1.82,0.01,0.73,2.36,15.02,0.34,4.11,66.22,0.1,0.28,2.4,62.17,1.69,6.75,0.01,3.27,1.34,0.43,1.27,1.66,2.52,11.93,0.3,149.43,41.16,14.16,3.88,8.53,0.93,23.7,0.36,14.67,0.34,19.86,10.93,0,0.1,3.06,1.47,3.73,0.41,0.79,0.19,1.02,0,5.58,0.34,10.44,1.3,5.35,0,6.48,0.02,0,2.04,0.09,49.92,0,2.7,4.69,0.04,5.93,1.66,12.51,2.06,0,4.1,11.34,22.39,3.48,5.86,15.55,0,7.86,1.41,1.86,0.02,0.23,24.2,0,1.36,0.33,5.55,6.49,9.29,37.72,4.19,0.03,0.81,23.66,109.82,1.07,0.01,0.01,0.01,0.03,0,1.52,2.35,6.15,0.01,0.46,0.1,3.59,1.45,0.03,7.89,22.29,6.75,16.88,1.98,20.46,0.18,0.63,6.42,3.1,3.27,2.49,14.02,14.88,0.12,0.36,0.03,0.13,1.75,31.65,2.76,0,5.97,52.03,0.12,33.71,255.23,14.82,12.26,0.09,12.49,8.15,1.81,4.52,5.71
1982,4.81,1.76,3.8,0,2.98,0.01,56.26,0.92,55.87,5.44,3.04,0.01,0.01,13.76,0.04,13.48,5.65,0.09,1.52,0.17,5.87,1.44,2.34,135.94,0.06,10.78,3.8,0.9,2.11,4.41,25.77,0.04,1.86,3.86,5.02,297.56,26.06,0.05,0.18,0,2.5,3.77,9.06,0.22,9.84,1.28,2.91,8.58,0.14,0.01,2.27,4.41,9.45,1.47,0.01,0.73,2.25,15.39,0.34,4.26,67.91,0.09,0.28,2.42,60.76,1.73,7.1,0.01,3.31,1.32,0.44,1.25,1.58,2.49,12.67,0.32,151.15,41.52,15.01,3.94,8.73,1,24.16,0.34,15.29,0.4,20.28,12,0,0.09,3.05,1.5,3.64,0.44,0.8,0.19,1.21,0,5.5,0.36,10.48,1.39,5.43,0,6.66,0.02,0,2.11,0.09,49.78,0,2.64,4.83,0.04,4.98,1.6,13.14,1.9,0,4.12,11.25,22.12,3.55,6.39,15.71,0,7.75,1.45,1.88,0.04,0.24,25.03,0,1.38,0.28,5.85,6.43,9.69,35.92,4.47,0.02,0.84,24.07,111.46,1.09,0.01,0.02,0.01,0.03,0,1.87,2.4,6.27,0.01,0.48,0.08,3.66,1.5,0.03,8.11,20.98,6.16,18.51,1.91,21.49,0.19,0.59,6.47,3.08,3.53,2.51,14.49,15.47,0.13,0.42,0.03,0.13,1.89,31.84,2.76,0,6.18,52.23,0.13,35.96,251.98,14.92,12.32,0.1,12.94,8.99,1.85,4.61,5.58
1983,4.68,1.79,4.01,0,2.97,0.01,55.98,0.96,59.03,5.35,3.03,0.01,0.01,14.53,0.04,14.01,5.57,0.09,1.58,0.18,6.41,1.38,2.21,136.41,0.07,10.74,3.91,0.95,2.24,4.24,26.68,0.03,2.06,3.83,5.15,314.77,26.12,0.05,0.19,0,2.7,3.55,8.87,0.21,9.91,1.2,2.98,8.5,0.16,0.01,2.52,4.85,9.41,1.57,0.01,0.74,2.31,15.77,0.36,4.15,67.68,0.09,0.28,2.57,58.92,1.63,7.08,0.01,3.28,1.29,0.46,1.21,1.62,2.8,12.24,0.32,162.4,45.69,16.25,3.65,8.97,1.11,22.97,0.39,15.64,0.42,20.83,13.24,0,0.09,3.23,1.55,3.77,0.4,0.75,0.2,1.22,0,5.76,0.35,10.2,1.35,5.77,0,5.99,0.03,0,1.88,0.09,51.47,0,2.63,4.93,0.04,5.38,1.51,13.53,1.8,0,4.38,11.54,22.07,3.65,6.59,16.26,0,8.31,1.44,1.91,0.05,0.23,26.6,0,1.38,0.29,5.63,6.13,9.99,35.83,4.23,0.02,0.8,22.92,115.38,1.13,0.01,0.02,0.01,0.03,0,2.47,2.33,6.06,0.01,0.46,0.09,3.63,1.45,0.03,7.79,20.61,7.39,18.28,1.97,21.26,0.2,0.62,6.38,3.06,3.92,2.74,14.77,16.78,0.14,0.4,0.02,0.14,1.89,31.53,3.01,0,6.26,53.21,0.14,35.8,246.43,13.85,13.77,0.1,13.09,10.3,1.92,4.39,5.52
1984,4.29,1.78,4.2,0,3.09,0.01,56.9,0.92,59.23,5.47,3,0.01,0.01,15,0.04,13.66,5.63,0.09,1.69,0.2,6.34,1.46,2.16,144.24,0.07,10.15,4.04,0.95,2.41,4.5,26.83,0.03,2.06,3.1,5.27,329.59,26.31,0.05,0.19,0,2.7,4.09,9.14,0.23,10.11,1.39,3.03,8.52,0.17,0.01,2.56,4.8,9.4,1.39,0.02,0.72,2.39,14.87,0.36,4.09,68.25,0.11,0.28,2.39,61.16,1.82,7.11,0.01,3.33,1.32,0.47,1.24,1.62,2.97,12.58,0.32,167.76,48.47,16.16,3.96,9.04,1.12,24.93,0.41,15.85,0.43,20.85,13.21,0,0.11,3.28,1.63,3.83,0.42,0.74,0.2,1.17,0,5.86,0.35,10.54,1.46,6.72,0,5.52,0.03,0,1.74,0.09,52.98,0,2.72,4.78,0.04,5.1,1.55,13.79,1.87,0,4.45,11.88,22.89,3.72,4.59,17.04,0,9.26,1.52,1.91,0.08,0.23,26.07,0,1.38,0.29,5.94,6.11,9.47,35.04,4.07,0.02,0.84,24.59,115,1.07,0.01,0.02,0.01,0.03,0,2.72,2.35,6.38,0.01,0.45,0.08,3.69,1.6,0.03,7.97,21.28,7.99,19.51,2.24,21.69,0.24,0.61,6.57,3.06,3.67,2.66,14.26,16.82,0.15,0.44,0.02,0.15,1.99,31.22,3.09,0,6.3,52.38,0.15,35.95,255.33,12.78,13.86,0.1,13.79,10.7,1.87,4.33,5.68
1985,3.96,1.71,4.42,0,3.12,0.01,57.24,0.94,59.68,5.74,3.04,0.01,0.01,15.41,0.04,14.45,5.71,0.1,1.79,0.2,6.33,1.37,2.01,147.91,0.07,9.6,4.68,0.9,2.63,5.18,27.04,0.04,2.17,3.23,5.12,329.41,26.23,0.05,0.21,0,2.66,3.72,9.3,0.23,10.41,1.35,3.18,8.16,0.18,0.01,2.58,4.47,9.84,1.61,0.02,0.76,2.47,15.32,0.37,3.98,67.15,0.11,0.29,2.44,62.7,1.88,7.32,0.01,3.47,1.18,0.46,1.19,1.59,2.89,11.98,0.32,175.14,49.59,16.7,4.06,9.06,1.09,24.66,0.38,16.03,0.47,21.37,13.52,0,0.13,3.42,1.7,3.94,0.39,0.79,0.21,1.15,0,6.05,0.36,10.21,1.48,6.46,0,5.38,0.03,0,1.9,0.1,54.54,0,2.74,4.73,0.04,5.63,1.58,14.26,1.87,0,4.54,11.85,22.38,3.78,4.08,19.47,0,9.27,1.41,1.92,0.05,0.25,27.46,0,1.4,0.31,6.19,5.94,9.64,36.86,4.06,0.03,0.84,25.09,118.98,1.15,0.01,0.02,0.01,0.03,0,2.94,2.53,6.17,0.01,0.45,0.07,3.72,1.48,0.03,8.22,20.74,8.56,19.58,2.26,22.56,0.23,0.61,6.29,3.04,3.69,2.87,14.69,17.14,0.15,0.49,0.02,0.15,2.23,28.69,3.19,0,6.62,55.71,0.16,35.66,253.8,13.56,14.51,0.11,15.14,11.37,1.92,4.63,6.22
1986,3.55,1.83,4.44,0,3.22,0.01,56.09,0.98,60.35,5.42,3.17,0.01,0.01,16.22,0.04,14.75,5.66,0.1,1.66,0.21,5.91,1.39,2.02,150.66,0.06,10.07,4.92,0.96,2.81,5.41,27.09,0.04,2.25,3.35,5.55,329.54,27.11,0.05,0.2,0,2.71,3.78,9.55,0.23,10.55,1.34,3.27,8.05,0.19,0.01,2.6,4.38,11.19,1.56,0.01,0.79,2.53,16.45,0.38,4.02,68.78,0.12,0.31,2.52,63.1,1.83,7.71,0.01,3.65,0.94,0.48,1.2,1.57,2.89,11.77,0.31,184.1,51.66,18.32,4.13,9.22,1.09,25.42,0.4,15.93,0.38,21.51,14.03,0,0.12,3.45,1.77,4.03,0.39,0.81,0.21,1.14,0,6.23,0.36,10.34,1.53,6.31,0,5.36,0.03,0,1.94,0.1,55.11,0,2.65,4.73,0.04,6.33,1.46,14.22,1.98,0,4.62,11.88,23,3.79,4.21,18.86,0,8.66,1.45,1.9,0.04,0.25,31.61,0,1.47,0.32,6.3,6.63,10.62,37.89,4.21,0.04,0.86,22.98,121.59,1.14,0.01,0.02,0.01,0.04,0,3.2,2.77,6.07,0.01,0.46,0.06,3.71,1.46,0.02,8.36,20.72,8.37,21.54,2.26,21.01,0.23,0.61,6.18,3.06,3.77,2.78,15.06,17.96,0.16,0.5,0.02,0.13,2.21,29.49,3.24,0,6.87,55.49,0.17,37.72,251.03,13.75,14.28,0.11,16.35,12.22,2.01,4.79,6.35
1987,3.79,1.84,4.4,0,3.11,0.01,55.13,0.97,59.13,5.44,3.2,0.01,0.01,16.77,0.04,14.67,5.74,0.11,1.67,0.21,6.14,1.35,2,156.56,0.07,9.98,4.99,0.97,2.98,5.44,26.33,0.05,2.3,3.46,5.84,367.88,28.21,0.05,0.21,0,2.74,3.71,9.51,0.24,10.11,1.41,3.44,7.83,0.2,0.01,2.73,4.52,11.36,1.76,0.02,0.77,2.46,15.9,0.41,3.84,71.53,0.13,0.32,2.57,63.8,1.91,7.28,0.01,4.2,1.1,0.51,1.2,1.54,2.92,12.16,0.3,177.01,52.69,18.02,4.28,8.97,1.15,25.54,0.45,15.96,0.44,22.13,14.09,0,0.15,3.6,1.85,3.98,0.39,0.91,0.22,1.12,0,6.2,0.35,10.67,1.64,6.54,0,5.39,0.03,0,1.98,0.11,54.51,0,2.67,4.78,0.04,6.9,1.44,14.26,1.88,0,4.7,11.54,22.44,3.46,4.06,19.88,0,9.81,1.43,1.88,0.05,0.26,30.64,0,1.47,0.32,6.51,6.89,11.2,36.71,4.3,0.05,0.85,22.7,124.82,1.14,0.01,0.02,0.01,0.04,0,3.53,2.99,6.08,0.01,0.46,0.06,3.72,1.47,0.02,8.71,21.14,8.24,21.85,2.28,20.6,0.24,0.63,5.96,3.04,4.06,3.09,15.56,18.15,0.16,0.48,0.03,0.13,2.19,31.48,3.23,0,5.95,56.3,0.19,36.81,244.85,14.5,15.17,0.11,17.74,11.9,1.97,4.78,6.14
1988,3.91,1.93,4.02,0,3.08,0.01,56.13,1.03,62.65,5.47,3.34,0.01,0.02,17.85,0.04,15.1,5.81,0.11,1.7,0.22,6.4,1.33,2.23,156.08,0.07,10.86,5.34,1.02,3.18,5.73,24.57,0.06,2.43,3.62,5.94,388.45,28.54,0.05,0.22,0,2.72,3.64,9.62,0.25,10.45,1.47,3.67,7.78,0.21,0.01,2.69,4.59,11.96,1.9,0.02,0.8,2.54,16.04,0.4,3.93,71.54,0.14,0.32,2.78,63.38,2.06,7.45,0.01,3.71,1.21,0.51,1.22,1.53,3.05,12.59,0.3,197.71,55.39,18.06,4.56,9.16,1.13,24.7,0.46,15.54,0.52,21.74,15.17,0,0.15,3.53,1.9,4.11,0.4,0.98,0.22,1.12,0,6.28,0.35,10.53,1.54,7.14,0,5.88,0.03,0,2.09,0.1,54.36,0,3.03,4.87,0.04,6.81,1.51,14.32,2.03,0,4.82,11.34,22.55,3.85,4.5,20.34,0,8.85,1.39,2.13,0.05,0.27,32.93,0,1.47,0.32,7.09,6.83,11.71,38.75,4.4,0.05,0.89,24.09,121.8,1.11,0.01,0.02,0.01,0.04,0,3.55,2.91,5.92,0.01,0.47,0.04,3.85,1.45,0.02,9.15,22.22,7.88,23.5,2.42,21.43,0.2,0.64,5.84,3.04,4.55,3.01,15.58,19.59,0.18,0.66,0.03,0.1,2.28,31.93,3.12,0,6.4,58.76,0.2,37.13,225.22,15.08,14.82,0.11,18.29,13.14,2.11,4.96,6.7
1989,4.1,2.11,4.09,0,3.02,0.01,56.99,0.92,65.21,5.26,3.07,0.01,0.02,19.27,0.05,14.59,5.59,0.11,1.67,0.22,6.71,1.34,2.27,163.35,0.07,10.41,5.33,0.95,3.41,5.89,26.19,0.06,2.51,3.75,5.92,398.96,29.03,0.05,0.21,0,2.76,3.54,9.96,0.26,10.48,1.58,3.78,7.87,0.22,0.02,2.9,4.9,11.95,1.72,0.02,0.77,2.38,16.54,0.4,3.97,67.23,0.14,0.32,2.46,60.33,2.18,7.54,0.01,3.9,1.34,0.55,1.22,1.46,2.96,12.25,0.3,199.29,54.95,20.76,4.34,9.34,1.11,23.22,0.46,15.82,0.52,21.47,15.76,0,0.15,3.29,1.96,3.84,0.42,0.9,0.21,1.17,0,5.97,0.34,10.84,1.5,7.3,0,5.7,0.03,0,2.17,0.11,55.79,0,2.78,4.88,0.04,6.89,1.51,13.1,2.08,0,5.01,10.88,21.72,3.76,4.62,21.78,0,8.99,1.34,2.11,0.05,0.28,34.34,0,1.46,0.32,7.39,6.69,12.08,37.73,4.28,0.05,0.91,24.27,120.09,1.12,0.01,0.02,0.01,0.04,0,3.7,3.02,5.98,0.01,0.47,0.04,3.91,1.35,0.02,9.05,22.62,8.66,22.71,2.36,21.66,0.19,0.66,5.81,3.02,4.26,2.85,15.86,19.67,0.19,0.63,0.03,0.11,2.19,30.44,3.01,0,6.67,55.53,0.23,37.16,239.4,15.56,13.72,0.12,18.1,13.56,2.12,4.94,6.44
1990,3.89,1.94,4.3,0,3.12,0.01,58.06,0.9,66.88,5.18,3.06,0.01,0.02,20.08,0.04,18.8,5.66,0.12,1.73,0.23,5.9,1.25,2.38,163.66,0.07,9.32,5.24,1.09,3.55,6.11,30.9,0.06,2.66,3.87,6.04,432.42,30.11,0.05,0.29,0,2.74,3.29,9.3,0.26,9.5,1.59,4.03,8.31,0.23,0.02,3.02,4.97,11.92,1.7,0.02,0.79,2.73,17.09,0.42,4.93,67.13,0.16,0.32,2.4,59.52,2,7.29,0.01,4.01,1.38,0.56,1.2,1.37,2.95,9.98,0.39,210.15,61.98,19.92,4.3,11,1.09,23.29,0.44,16.11,0.51,21.99,16.25,0,0.12,3.51,2.06,4.24,0.4,0.79,0.2,1.27,0,6.89,0.34,10.83,1.48,7.65,0,5.83,0.04,0,2.25,0.11,57.72,0,2.55,7.73,0.04,7.03,1.79,13.44,2.17,0,5.33,11.69,21.79,4.1,4.76,21.49,0,9.22,1.27,2.73,0.05,0.3,35.32,0,1.5,0.82,7.33,6.24,12.2,33.15,4.48,0.06,0.86,21.54,123.44,1.22,0.01,0.02,0.01,0.04,0,3.85,3.03,5.56,0.01,0.57,0.04,3.6,1.33,0.02,8.11,21.72,8.6,22.99,2.32,22.03,0.2,0.67,6.53,3.07,4.62,2.78,16.69,20.93,0.2,0.67,0.02,0.15,2.24,30.92,2.87,0,7.64,53.94,0.24,39.87,252.04,14.42,13.65,0.13,17.69,13.92,2.54,5.41,7.06
1991,4.11,1.62,4.13,0,3.15,0.01,57.77,0.88,66.18,5.21,2.95,0.01,0.02,21.18,0.04,18.04,5.77,0.12,1.96,0.23,6.08,1.3,2.21,169.93,0.07,9.63,5.89,1.12,3.59,6.08,31.61,0.07,2.88,6.62,6.16,434.72,29.97,0.05,0.3,0,2.83,3.02,8.81,0.26,7.89,1.68,3.96,8,0.24,0.02,3.28,5.16,12.84,1.74,0.02,0.84,2.87,17.35,0.42,4.67,68.45,0.17,0.34,2.29,55.52,2.28,7.74,0.01,4.28,1.46,0.58,1.23,1.45,3.02,9.83,0.38,209.73,62.25,20.57,2.95,10.93,1.04,23.39,0.46,15.5,0.62,20.41,15.68,0,0.05,3.21,2.11,3.95,0.42,0.82,0.18,1.25,0,6.7,0.34,10.73,1.64,7.58,0,6.01,0.04,0,2.33,0.11,55.41,0,2.57,7.97,0.04,6.8,1.9,13.52,2.29,0,5.27,11.62,21.28,3.64,5.1,22.7,0,8.81,1.18,2.72,0.04,0.32,34.77,0,1.49,0.82,7.08,6.09,10.87,30.79,4.29,0.06,0.87,18.92,116.06,1.27,0.01,0.02,0.01,0.04,0,4.04,3.24,5.53,0.01,0.57,0.01,3.11,1.16,0.02,6.87,22.87,8.3,22.73,2.21,23.53,0.2,0.68,6.1,3.01,4.49,2.88,16.46,21.45,0.22,0.77,0.02,0.15,2.49,30.11,2.76,0,7.84,52.35,0.28,38.77,251.92,14.82,12.67,0.13,18.35,15.45,2.38,5.46,6.08
1992,3.97,1.53,4.27,0,3.23,0.01,58.14,0.86,66.13,5.03,2.86,0.01,0.02,21.65,0.04,16.86,5.85,0.13,1.9,0.23,6.33,1.16,1.93,173.78,0.08,6.74,6,1.15,3.91,6.1,31.95,0.1,2.9,6.98,6.39,436.75,30.26,0.05,0.31,0,2.86,2.79,8.29,0.3,7.24,1.76,4.08,7.57,0.24,0.02,3.24,5.55,12.82,1.83,0.02,0.85,2.26,17.79,0.45,4.49,67.72,0.18,0.34,2.17,53.32,2.05,7.01,0.01,4.53,1.55,0.59,1.22,1.62,3.07,7.67,0.37,214.29,65.87,23.24,3.55,11.04,1.12,23.49,0.47,15.21,0.7,19.96,15.75,0,0.05,2.92,2.23,3.49,0.45,0.83,0.19,1.16,0,5.49,0.34,10.68,1.67,7.97,0,5.87,0.04,0,2.21,0.11,55.87,0,2.12,7.9,0.04,6.32,1.99,13.79,2.14,0,5.25,11.8,20.78,3.82,5.09,22.59,0,8.8,0.85,2.71,0.05,0.35,38.26,0,1.57,0.85,6.91,6,11.27,29.96,4.04,0.07,0.84,16.36,103.94,1.24,0.01,0.02,0.01,0.04,0.01,4.18,3.32,4.93,0.01,0.56,0.01,2.77,1.13,0.02,6.02,21,8.82,20.29,2.29,26.23,0.22,0.69,6.15,3,4.51,2.69,16.5,22.47,0.24,0.6,0.03,0.15,2.59,30.42,2.43,0,7.91,45.76,0.31,38.5,260.39,14.79,11.44,0.14,17.89,15.37,2.49,5.6,6.24
1993,3.8,1.6,4.41,0,3.19,0.01,57.5,0.74,65.74,4.95,2.53,0.01,0.02,22.33,0.04,16.66,5.72,0.12,1.9,0.23,6.46,1.12,1.77,177.42,0.08,5.51,5.98,1.11,4.09,6.12,33.74,0.1,2.98,7.28,6.62,437.44,31.32,0.05,0.31,0,2.83,2.72,7.77,0.3,6.65,1.87,4.06,7.69,0.24,0.02,3.29,5.71,13.36,1.77,0.02,1.34,2.09,28.13,0.47,4.43,67.38,0.19,0.34,1.84,53.2,2.06,6.46,0.01,4.76,1.65,0.61,1.25,1.62,2.98,7.63,0.37,224.86,63.92,21.64,4.72,11.26,1.14,22.48,0.47,15.49,0.71,19.03,15.78,0,0.09,2.78,2.26,3.09,0.5,0.85,0.18,1.2,0,4.73,0.33,10.82,1.76,8.36,0,6.07,0.04,0,2.28,0.1,55.83,0,2.08,7.87,0.05,6.05,2.33,14.11,2.09,0,5.41,11.47,20.78,4.02,5.3,23.48,0,8.41,0.79,2.67,0.06,0.36,38.08,0,1.6,0.86,7.62,6.32,12.27,30.5,4.09,0.08,0.94,15.48,98.71,1.17,0.01,0.02,0.01,0.04,0,4.18,3.45,4.72,0.01,0.58,0.01,2.57,1.12,0.02,6.94,22.43,9.03,20.87,2.49,28.97,0.24,0.62,6.44,2.98,4.38,2.39,16.58,24.39,0.24,0.64,0.03,0.12,2.53,31.88,2.8,0,8.15,42.28,0.33,38.06,266.17,15.11,10.96,0.15,17.79,16.11,2.51,5.68,5.84
1994,3.62,1.96,4.33,0,3.08,0.01,60,0.68,62.64,4.93,2.44,0.01,0.02,23.46,0.04,15.76,5.79,0.12,2.15,0.24,6.72,1.12,1.99,187.32,0.08,5.58,6.45,1.04,4.15,6.14,33.59,0.08,3.08,7.7,6.99,464.16,31.66,0.05,0.31,0,2.79,2.82,7.2,0.29,6.54,1.9,4.08,7.64,0.25,0.02,3.36,5.98,12.6,1.6,0.02,1.35,1.82,28.15,0.49,4.47,70.61,0.19,0.36,1.66,54.8,2.16,7.11,0.01,4.76,1.78,0.64,1.24,1.6,2.84,8.41,0.37,235.16,65.95,22.19,4.67,11.41,1.23,22.92,0.47,15.46,0.61,18.14,15.99,0,0.11,2.51,2.44,2.52,0.46,0.83,0.18,1.14,0,4.33,0.34,11.26,1.4,8.41,0,6.32,0.04,0,2.23,0.12,55.58,0,2.07,7.74,0.05,6.03,2.21,14.81,2.05,0,5.54,11.59,21.7,3.89,5.92,24.05,0,6.08,1.05,2.72,0.04,0.39,41.24,0,1.57,0.86,8.07,6.63,12.67,30.88,4.17,0.1,0.99,14.87,86.96,1.12,0.01,0.02,0.01,0.04,0,3.93,3.67,4.98,0.01,0.61,0.01,2.65,1.18,0.02,7.76,21.66,9.39,21.2,2.52,31.6,0.23,0.6,6.4,3.02,5.11,2.24,16.77,25.54,0.28,0.67,0.03,0.12,2.52,29.48,2.82,0,8.15,39,0.36,38.65,267.95,15.53,10.78,0.15,18.03,19.31,2.47,5.2,5.43
1995,3.84,1.98,4.07,0,3.15,0.01,59.09,0.66,65.05,4.93,2.43,0.01,0.02,25.24,0.04,15.68,5.64,0.12,2.06,0.26,6.86,1.03,2.45,192.12,0.08,4.89,6.47,1.1,4.36,6.32,35.51,0.1,3.26,8.11,7.14,512.15,31.75,0.05,0.31,0,2.62,2.69,7.05,0.29,6.81,2.12,3.99,7.36,0.27,0.01,3.44,6.11,14.25,1.56,0.02,1.37,1.77,28.5,0.52,4.38,66.92,0.18,0.36,1.7,53.82,2.26,6.85,0.01,5.1,1.93,0.64,1.27,1.63,3.27,8.13,0.36,240.28,69.88,22.61,4.22,11.41,1.26,22.14,0.48,14.69,0.65,15.16,16,0,0.13,1.99,2.5,2.15,0.56,0.78,0.18,1.22,0,4.17,0.34,11.19,1.54,8.61,0,6.01,0.03,0,2.24,0.12,54.87,0,2.08,8.12,0.06,6.16,2.35,15.28,2.01,0,5.78,11.36,22.21,3.77,5.81,24.13,0,3.61,0.98,2.73,0.05,0.41,44.61,0,1.57,0.94,8.58,6.91,12.9,31.54,4.03,0.11,1.21,14.17,80.84,1.02,0.01,0.02,0.01,0.04,0.01,3.49,3.6,5.67,0.01,0.61,0.01,2.57,1.15,0.02,8.02,21.83,9.5,21.54,2.49,32.11,0.23,0.62,6.14,2.93,5.11,2.14,18.88,24.33,0.29,0.62,0.02,0.12,2.44,29.35,2.87,0,8.36,36.94,0.39,37.97,271.44,15.55,10.07,0.15,18.26,19.33,2.52,5.05,5.51
1996,4.11,1.76,4.2,0,3.4,0.01,60.85,0.65,68.39,4.99,2.4,0.02,0.02,26.51,0.04,15.43,5.68,0.12,2.26,0.26,7.18,0.91,2.2,184.91,0.08,4.66,6.7,1.06,4.31,6.39,37.87,0.06,3.33,8.46,7.37,551.68,31.98,0.05,0.32,0.01,2.65,2.64,6.91,0.31,6.88,2.05,3.96,7.24,0.28,0.01,3.54,6.34,14.85,1.81,0.02,1.56,1.59,30.09,0.49,4.35,66.95,0.19,0.35,1.72,52.05,2.35,6.95,0.01,4.92,2,0.66,1.29,1.68,3.18,8.59,0.37,249.15,72.63,23.62,4.24,11.33,1.43,23.05,0.46,14.37,0.68,13.51,15.28,0,0.17,1.86,2.58,2.03,0.56,0.77,0.19,1.15,0,4.3,0.34,11.06,1.73,8.15,0,6.29,0.03,0,2.39,0.12,55.29,0,1.98,8.57,0.06,6.57,2.55,16,2.01,0,5.97,11.07,21.71,3.75,6.2,24.73,0,2.89,1,2.73,0.11,0.42,43.97,0,1.61,0.94,8.59,7.06,14.03,30.78,4.33,0.09,1.02,13.88,74.04,1.12,0.01,0.02,0.01,0.04,0.01,3.68,3.72,5.92,0.01,0.57,0.01,2.65,1.07,0.02,8.25,23.52,9.77,24.52,2.49,33.42,0.26,0.65,6.33,2.88,5.33,1.86,17.69,24.37,0.29,0.69,0.02,0.15,2.75,30.11,2.79,0,8.53,32.66,0.42,39.07,274.84,16.33,8.91,0.15,18.19,21.32,2.58,5.04,6.81
1997,4.51,1.62,4.14,0,3.7,0.02,61.67,0.64,67.11,5.07,2.51,0.01,0.02,25.43,0.04,15.71,5.93,0.12,2.33,0.26,7.54,1.1,2.21,191.01,0.09,4.72,6.89,1.1,4.56,6.53,37.38,0.08,3.46,8.94,7.65,508.48,31.79,0.05,0.33,0.01,2.79,3,7.05,0.28,6.74,2.19,4.03,7.34,0.29,0.01,3.59,7.3,14.71,1.85,0.02,1.77,1.62,31.07,0.51,4.43,70.78,0.2,0.36,1.75,53.89,2.5,6.51,0.01,5.08,2.11,0.7,1.3,1.74,3.44,8.76,0.38,255.52,68.46,24.41,4.43,11.74,1.37,21.86,0.47,14.14,0.64,11.31,15.33,0,0.17,1.83,2.63,2.05,0.56,0.8,0.19,1.17,0,4.38,0.34,11.39,1.84,8.76,0,6.49,0.03,0,2.56,0.11,55.81,0,1.76,8.84,0.06,6.9,2.58,16.05,2.12,0,6.14,11.21,21.47,3.82,6.28,25.39,0,3.2,0.91,2.75,0.06,0.43,46.13,0,1.53,0.95,8.88,7.3,15.04,32.54,4.27,0.09,0.92,14.74,70.03,1.17,0.01,0.02,0.01,0.04,0.01,3.9,3.77,6.22,0.01,0.54,0.01,2.56,1.13,0.02,8.42,23.06,10.01,25.23,2.5,35.22,0.26,0.63,6.39,2.82,5.05,1.95,17.94,22.67,0.29,0.73,0.02,0.15,2.72,29.97,2.66,0,8.56,31.77,0.43,40.21,276.35,16.39,11.11,0.15,18.97,21.64,2.79,5.44,6.82
1998,4.97,1.73,4.55,0,3.91,0.02,60.28,0.62,71.11,4.98,2.49,0.02,0.02,25.92,0.04,15.88,5.86,0.13,2.24,0.27,7.67,1.3,2.23,192.77,0.1,4.44,7.28,1.05,4.36,6.7,37.33,0.09,3.5,9.44,7.51,544.23,33.28,0.06,0.33,0.01,2.94,2.72,6.92,0.29,6.35,2.13,3.95,7.28,0.29,0.01,3.69,7.03,15.44,1.68,0.02,1.95,1.75,33.81,0.53,5.24,69.35,0.21,0.36,1.74,55.3,2.41,6.5,0.01,4.97,2.17,0.69,1.31,1.89,3.45,8.75,0.38,264.91,72.5,25.6,4.67,12.18,1.39,22.55,0.46,13.85,0.63,9.79,15.7,0,0.18,1.97,2.45,2.17,0.59,0.73,0.2,1.25,0,4.52,0.33,11.36,1.88,9.78,0,6.8,0.03,0,2.7,0.12,57.76,0,1.56,9.21,0.07,6.8,2.63,16.52,2.13,0,6.39,11.05,21.82,3.86,6.81,26.21,0,3.46,0.89,2.67,0.05,0.46,46.3,0,1.56,0.94,8.57,7.55,13.91,31.76,4.24,0.08,0.87,14.21,63.98,1.26,0.01,0.02,0.01,0.04,0.01,3.77,3.9,6.09,0.01,0.55,0.01,2.51,1.24,0.02,8.23,23.44,9.4,25.34,2.39,36.86,0.25,0.63,6.25,2.83,5.67,1.93,18.51,23.13,0.32,0.74,0.02,0.14,2.81,32.01,2.65,0,9.06,28.64,0.45,39.39,284.11,14.89,11.56,0.15,18.82,24.12,2.92,5.22,6.91
1999,5.15,1.71,4.64,0,3.94,0.02,62.24,0.59,71.54,4.94,2.65,0.01,0.02,27.11,0.04,15.44,5.95,0.13,2.48,0.28,7.94,1.52,2.35,195.51,0.1,4.2,7.51,1.09,4.52,7.17,38.31,0.1,3.55,9.84,7.77,539.05,32.29,0.06,0.34,0,2.54,2.93,6.57,0.3,6.07,2.21,3.76,6.95,0.3,0.01,3.19,6.22,15.48,1.8,0.02,1.97,1.55,33.28,0.46,5.23,72.25,0.21,0.38,1.87,55.33,2.65,6.63,0.01,6.61,2.34,0.73,1.33,1.78,3.41,9.29,0.39,262,68.66,24.53,4.37,12.16,1.24,22.56,0.47,13.6,0.62,9.69,16.18,0,0.2,1.92,2.36,2.02,0.6,0.94,0.19,1.29,0,4.26,0.34,11.27,1.85,9.86,0,7.17,0.03,0,2.93,0.13,56.97,0,1.4,9.43,0.07,7.34,2.76,17.2,2.26,0,6.14,10.89,21.96,4.22,7,27.35,0,3.58,0.85,2.7,0.05,0.48,46.11,0,1.53,0.95,8.62,7.74,15.56,30.96,4.15,0.09,0.96,13.49,62.43,1.33,0.01,0.02,0.01,0.04,0.01,3.71,4.17,5.94,0.01,0.52,0.01,2.31,1.23,0.02,8.16,22.74,8.77,25.3,2.64,39.04,0.26,0.62,6.13,2.79,5.31,1.64,20.07,24.88,0.27,0.84,0.02,0.14,2.84,31.47,2.83,0,9.17,26.05,0.48,39.31,274.3,14.88,10.64,0.15,19.29,25.1,2.97,5.39,7.48
2000,4.55,1.7,4.56,0,4.09,0.02,62.84,0.58,71.99,4.66,2.62,0.01,0.02,27.49,0.04,15.17,5.73,0.14,2.35,0.26,8.29,1.33,2.44,203.27,0.11,3.98,7.39,1.09,4.67,7.5,37.12,0.09,3.62,10.34,7.84,548.95,31.61,0.05,0.33,0,2.42,2.71,6.54,0.27,6.25,2.17,3.63,6.76,0.3,0.01,3.14,5.95,16.69,1.7,0.02,2.01,1.67,32.22,0.45,5.29,71.61,0.21,0.36,1.83,54.76,2.59,6.41,0.01,5.19,2.45,0.74,1.42,2.02,3.78,8.34,0.38,258.62,69.44,25.06,4.57,12.09,1.32,22.05,0.49,13.63,0.57,9.5,15.5,0,0.2,1.91,2.53,1.94,0.59,0.95,0.2,1.1,0,4.2,0.3,10.89,2.06,9.62,0,7.07,0.03,0,3.02,0.14,57.64,0,1.28,9.62,0.06,7.41,3.05,17.76,2.48,0,6.2,10.44,21.79,4.33,7.18,27.58,0,3.61,0.77,2.65,0.06,0.47,47.96,0,1.52,1,8.91,8.04,15.38,30.47,4.1,0.09,1.05,11.82,62.64,1.41,0.01,0.02,0.01,0.04,0.01,4.04,4.14,4.82,0.01,0.48,0.01,2.19,1.2,0.02,8.26,24.8,8.26,25.03,2.52,40.42,0.25,0.65,6.19,2.78,5.42,1.55,19.6,23.37,0.28,0.75,0.03,0.17,2.93,30.29,3.18,0,9.23,24.97,0.51,38.01,267.84,14.32,10.67,0.14,20.28,26.48,3.05,5.25,7.65
2001,4.06,1.67,4.66,0,4.06,0.02,64.71,0.6,69.96,4.6,2.88,0.01,0.02,28.22,0.03,15.22,5.56,0.14,2.46,0.25,8.17,1.34,2.3,209.38,0.11,4.05,7.55,1.1,4.51,7.67,36.32,0.09,3.86,10.96,7.98,539.65,31.89,0.05,0.33,0,2.23,2.68,6.61,0.3,6.77,2.15,3.58,6.72,0.3,0.01,3.39,7.01,17.3,1.79,0.02,1.92,1.64,34.58,0.49,5.17,67.25,0.21,0.36,1.85,53.07,2.64,6.3,0.01,5.47,2.56,0.75,1.4,2.1,3.52,8.78,0.36,262.75,69.68,25.38,5.49,11.94,1.29,20.42,0.48,13.96,0.57,10.02,15.81,0,0.17,1.82,2.63,1.97,0.63,0.95,0.2,1.15,0,4.13,0.3,10.08,1.85,9.28,0,7.44,0.04,0,3.14,0.1,57.29,0,1.37,8.66,0.06,7.49,2.73,17.63,2.44,0,6.27,10.33,21.89,4.36,7.62,29.24,0,3.76,0.71,2.66,0.05,0.49,49.59,0,1.67,1.02,9,8.13,15.74,30.11,3.79,0.07,1.08,12.76,63.53,1.43,0.01,0.01,0.01,0.05,0.01,4.22,4.2,5.68,0.01,0.49,0.01,2.22,1.16,0.02,8.46,23.13,7.87,26.08,2.5,42.14,0.24,0.55,5.98,2.79,5.18,1.63,21.04,23.27,0.33,0.82,0.03,0.16,2.94,28.22,3.21,0,9.67,25.43,0.53,35.59,277.94,14.35,10.27,0.13,20.56,25.2,3.18,5.3,7.53
2002,4.58,1.88,4.54,0,4.21,0.02,65.71,0.72,66.03,4.73,3.09,0.01,0.03,28.68,0.03,14.32,5.95,0.21,2.68,0.25,8.37,1.47,1.84,217.56,0.11,4.3,7.61,1.07,4.62,7.69,36.51,0.09,3.96,11.4,8.08,561.75,33.18,0.06,0.34,0,2.18,3.02,6.32,0.32,6.44,2.36,3.56,6.6,0.3,0.01,3.73,7.23,17.85,1.73,0.02,1.88,1.56,39,0.48,5.24,66.61,0.22,0.35,2.03,53.73,2.78,6.59,0.01,5.47,2.68,0.72,1.41,2.02,3.25,8.53,0.37,249.47,72.27,25.83,6.72,12.09,1.32,22.04,0.47,13.82,0.61,10.33,16.42,0,0.2,1.87,2.69,1.95,0.6,0.85,0.2,1.18,0,4.06,0.33,9.55,2.13,9.66,0,8.16,0.03,0,3.2,0.11,56.16,0,1.39,7.42,0.08,7.81,2.81,18.2,2.41,0,6.25,10.07,22.33,4.56,7.86,29.74,0,3.78,0.75,2.67,0.06,0.5,49.6,0,1.66,1.05,8.32,8.39,15.61,30.46,3.76,0.07,1.13,12.12,62.11,1.41,0.01,0.01,0.01,0.05,0.01,4.23,4.06,5.68,0.01,0.55,0.01,2.26,1.25,0.02,8.51,22.99,7.68,25.71,2.68,42.98,0.19,0.54,5.91,2.74,5.41,1.75,21.94,24.33,0.33,0.88,0.03,0.17,2.9,28.93,3.92,0,9.97,25.58,0.58,36,268.09,13.89,11.08,0.13,21.39,26.54,3.19,5.29,6.38
2003,4.74,1.84,4.84,0,4.23,0.02,68.91,0.69,66.34,4.22,3.15,0.01,0.02,28.51,0.03,14.65,5.55,0.26,2.68,0.25,8.7,1.2,1.87,230.79,0.12,4.24,9.96,1.08,4.8,7.92,37.56,0.09,4.18,12.07,8.02,571.82,34.39,0.05,0.34,0,2.23,2.54,6.08,0.32,5.64,2.17,3.58,6.53,0.3,0.01,3.66,7.21,18.42,1.67,0.02,1.96,1.52,37.54,0.48,5.06,62.67,0.22,0.43,1.89,49.81,2.86,6.36,0.01,5.68,2.84,0.76,1.45,2.06,3.53,7.81,0.37,265.13,73.47,26.64,3.6,12.01,1.38,20.1,0.5,13.78,0.62,10.5,17.09,0,0.21,1.93,2.74,1.94,0.64,0.81,0.21,1.19,0,4.11,0.33,9.31,2.27,10.91,0,9.03,0.03,0,3.27,0.1,57.01,0,1.19,7.25,0.06,7.89,2.74,18.7,2.43,0,6.23,9.57,21.7,4.84,8.48,31.37,0,4,0.72,2.7,0.07,0.5,55.4,0,1.65,1.06,9.31,8.44,16.67,28.83,3.67,0.07,1.28,11.31,58.63,1.57,0.01,0.02,0.01,0.05,0.01,4.31,4.31,4.95,0.01,0.61,0.01,1.99,1.12,0.02,8.54,22.23,7.87,27.25,2.56,45.56,0.21,0.58,5.78,2.6,5.95,1.76,21.97,25.25,0.33,0.87,0.03,0.16,3.04,29.06,4.25,0,10.5,22.87,0.62,35.22,274.65,13.89,11.15,0.14,21.26,27.62,3.45,5.33,6.28
2004,4.64,1.9,5.17,0,4.28,0.02,73.01,0.77,69.04,4.41,3.24,0.01,0.02,29.14,0.04,15.07,5.78,0.7,2.69,0.26,9.27,1.5,1.9,239.94,0.13,4.29,9.94,1.17,4.84,8.18,38.26,0.09,4.24,12.72,8.58,591.23,35,0.05,0.37,0,2.18,2.94,6.07,0.3,5.73,2.22,3.53,6.4,0.3,0.01,3.86,7.16,19.59,1.79,0.02,1.96,1.61,39.73,0.5,5.09,64.55,0.22,0.44,1.81,51.57,2.93,6.15,0.01,7.26,3.03,0.75,1.49,1.99,3.67,8.71,0.36,268.73,74.51,28.21,3.36,12.02,1.36,20.94,0.49,13.85,0.57,10.7,17.99,0,0.19,1.86,2.82,1.96,0.64,0.81,0.21,1.3,0,4.12,0.34,9.6,2.33,12.25,0,9.08,0.03,0,3.14,0.11,56.81,0,1.25,7.17,0.07,7.9,2.91,19.06,2.38,0,6.2,10.01,21.92,4.76,8.72,31.8,0,4.34,0.79,2.71,0.05,0.52,54.93,0,1.62,1.14,9.09,8.35,16.99,28.72,3.59,0.07,1.27,12.79,60.26,1.65,0.01,0.01,0.01,0.05,0.01,4.44,4.25,6.26,0.01,0.66,0.01,2.1,1.2,0.02,8.68,23.31,8.14,26.5,2.56,45.55,0.22,0.6,5.8,2.67,6.2,1.82,22.58,24.77,0.33,0.85,0.03,0.19,2.94,29.35,4.33,0,10.64,23.65,0.59,35.88,284.23,15.02,11.13,0.14,21.99,28.76,3.55,5.5,6.29
2005,5.04,1.73,4.89,0,4.62,0.02,72.56,0.76,69.42,4.44,3.32,0.01,0.02,29.93,0.03,15.78,5.81,0.18,2.68,0.28,9.46,1.63,1.95,241.39,0.13,4.12,10.48,1.24,5.17,8.39,39.95,0.09,4.4,13.48,8.39,605.74,35.15,0.05,0.41,0,2.25,2.97,5.98,0.27,5.86,2.23,3.52,6.33,0.3,0.01,3.87,6.4,19.45,1.91,0.02,2.05,1.55,41.62,0.49,5.16,62.29,0.22,0.47,1.88,51.72,3.12,5.88,0.01,6.1,3.16,0.75,1.43,2.02,3.83,8.09,0.36,283.38,76.53,27.77,4.01,11.84,1.32,19.92,0.47,13.46,0.64,11.32,17.67,0,0.2,1.96,2.85,2.05,0.59,0.87,0.21,1.39,0,4.16,0.33,11.09,2.37,12.36,0,9.38,0.03,0,3.19,0.11,55.85,0,1.24,7.89,0.07,8.12,3.02,19.62,2.98,0,6.22,10.27,22.16,4.76,9.06,33.66,0,4.42,0.75,2.71,0.04,0.59,59.28,0,1.68,1.13,9.3,8.3,16.82,29.57,3.47,0.06,1.25,13,58.1,1.76,0.01,0.02,0.01,0.05,0.01,4.21,4.57,6.16,0.01,0.71,0.01,1.99,1.18,0.02,8.87,22.37,8.4,24.23,2.63,47.29,0.21,0.6,5.68,2.75,6.76,1.95,22.85,25.34,0.33,0.89,0.03,0.19,3.25,29.8,4.72,0,10.8,22.67,0.61,35.08,277.96,14.88,12.01,0.14,22.92,28.45,3.55,5.62,6.07
2006,4.83,1.78,5.2,0,4.76,0.02,76.01,0.88,64.33,4.45,3.48,0.01,0.02,31.35,0.03,16.49,5.61,0.17,2.72,0.28,9.72,1.6,2.01,244.81,0.13,3.73,10.57,1.29,5.4,8.46,38.76,0.09,4.54,14.21,8.46,608.8,35.67,0.05,0.45,0,2.31,3.41,6.25,0.28,5.89,2.25,3.57,6.37,0.3,0.01,4.17,7.2,19.22,1.9,0.02,1.94,1.44,43.73,0.47,5.04,64.45,0.23,0.45,1.7,50.24,3.33,5.84,0.01,6.44,3.36,0.78,1.4,2.01,4.04,8.15,0.37,300.38,75.58,30.16,4.05,11.76,1.36,20.13,0.35,13.59,0.59,11.62,17.58,0,0.2,1.88,2.94,2.1,0.54,0.89,0.23,1.5,0,4.11,0.33,11.04,2.72,13.12,0,9.63,0.03,0,3.34,0.11,57.14,0,1.21,8.55,0.07,8.6,2.86,20.51,2.52,0,6.44,9.87,21.82,5.07,9.5,34.62,0,4.42,0.76,2.68,0.04,0.6,60.41,0,1.69,1.1,9.55,8.65,16.07,31.02,3.68,0.07,1.35,12.16,56.99,1.95,0.01,0.01,0.01,0.05,0.01,4.18,4.41,5.68,0,0.85,0.01,2.08,1.15,0.02,8.3,23.92,7.72,26.3,2.64,47.95,0.24,0.58,5.64,2.75,6.69,1.96,24.3,25.4,0.34,0.92,0.03,0.19,3.32,30.03,5.36,0,11.27,22.96,0.66,34.79,282.14,16.08,11.89,0.15,22.47,28.19,3.66,5.95,6.44
2007,4.93,1.73,5.18,0,4.93,0.02,77.04,0.86,64.02,4.39,3.55,0.01,0.02,31.93,0.03,16.26,5.75,0.16,2.85,0.29,10.01,1.45,2,246.89,0.14,3.81,10.87,1.3,5.53,8.55,40.81,0.08,4.78,15.03,8.52,604.01,36.56,0.05,0.48,0,2.46,3.23,6.1,0.27,6.05,2.33,3.5,6.56,0.3,0.01,4.42,6.77,19.04,1.92,0.02,2.08,1.6,47.79,0.46,5.11,66.8,0.23,0.46,1.68,52.35,3.54,5.81,0.01,6.37,3.48,0.81,1.42,2.08,3.95,7.85,0.38,311.03,80.53,28.93,3.85,11.57,1.38,19.98,0.32,13.36,0.65,12.29,25.37,0,0.21,1.95,3,2.24,0.54,0.88,0.25,1.56,0,4.34,0.33,11.31,3,13.49,0,10.21,0.03,0,3.18,0.11,57.76,0,1.18,9.36,0.06,8.1,3.04,20.87,2.39,0,6.54,9.89,21.82,5.08,9.88,34.36,0,4.49,0.74,2.72,0.05,0.61,63.31,0,1.68,1.11,9.95,8.87,16.89,32.56,3.59,0.07,1.35,12.27,59.2,2.1,0.01,0.02,0.01,0.05,0.01,4.37,4.46,5.74,0.01,0.82,0.01,1.97,1.11,0.02,7.71,23.36,8.48,26.86,2.53,48.47,0.23,0.57,5.82,2.71,6.96,2.02,24.31,26.97,0.34,0.97,0.03,0.19,3.36,29.07,5.19,0,11.69,22.83,0.69,34.11,287.56,15.13,12.72,0.18,23.32,28.97,3.91,5.79,6.31
2008,5.41,1.63,4.82,0,5.01,0.02,75.81,0.8,62.16,4.59,3.77,0.01,0.02,32.87,0.03,18.11,5.51,0.17,2.85,0.28,10.14,1.6,2.05,250.35,0.14,3.88,11.18,1.37,5.51,7.89,40.44,0.08,4.84,15.89,9.02,609.5,35.51,0.05,0.51,0,2.44,3.51,6.14,0.26,5.88,2.35,3.48,6.31,0.3,0.01,4.43,7.37,19.19,2.12,0.02,2.03,1.7,49.97,0.46,5.06,64.39,0.23,0.48,1.55,49.38,3.58,5.51,0.01,6.33,3.74,0.86,1.5,2.03,3.93,8.09,0.38,318.21,82.78,27.67,4.18,11.39,1.35,19.54,0.33,12.97,0.75,12.23,25.62,0,0.23,2.1,3.14,2.26,0.56,0.83,0.26,1.57,0,4.46,0.34,11.4,3.31,13.78,0,10.62,0.03,0,3.05,0.11,56.19,0,1.23,9.88,0.07,8.21,3.4,21.5,2.55,0,6.64,9.85,21.2,4.94,10.41,36.39,0,4.43,0.71,2.6,0.05,0.62,64.7,0,1.74,1.12,10.13,8.87,16.17,30.82,3.52,0.07,1.3,13.23,61.83,2.16,0.01,0.01,0.01,0.05,0.01,3.68,4.71,5.62,0,0.86,0.01,2.02,1.03,0.02,7.72,23.54,8.3,23.31,2.99,48.73,0.28,0.56,5.66,2.72,6.3,2.31,25.02,26.75,0.35,0.91,0.03,0.19,3.18,27.11,5.59,0,15.36,24.81,0.7,33.33,279.3,16.25,13.41,0.18,23.66,26.82,3.94,5.83,6.01
2009,5.65,1.65,5.46,0,5.33,0.02,68.61,0.82,61.4,4.45,3.86,0.01,0.02,33.28,0.03,18.44,5.56,0.2,2.95,0.28,10.52,1.7,2.27,252.32,0.14,4.33,11.49,1.48,5.8,8.2,39.82,0.09,5.07,16.76,8.92,617.66,36.13,0.05,0.51,0,2.32,2.84,6.22,0.26,5.65,2.43,3.49,6.24,0.3,0.01,4.63,7.55,19.07,1.98,0.02,2.08,1.61,51.9,0.46,4.93,59.88,0.23,0.48,1.66,48.62,3.64,5.66,0.01,6.47,3.87,0.87,1.46,2.04,3.94,7.6,0.36,320.88,87.97,28.12,5,11.65,1.32,18.48,0.34,12.42,0.7,12.89,24.94,0,0.25,2.33,3.24,2.19,0.62,0.88,0.28,1.62,0,4.57,0.34,11.67,3.53,13.12,0,10.98,0.03,0,3.32,0.11,56.8,0,1.05,10.01,0.07,8.11,3.17,21.87,2.54,0,6.93,9.68,21.18,5.06,10.82,36.56,0,4.47,0.71,2.53,0.05,0.64,67.85,0,1.76,1.16,11.05,9.27,15.88,30.84,3.4,0.09,1.28,12.73,60.1,2.29,0.01,0.01,0.01,0.05,0.01,3.38,4.73,6.15,0,0.94,0.02,1.91,1.05,0.02,7.72,24.16,8.23,23.26,2.76,48.19,0.28,0.6,5.59,2.7,6.13,2.54,25.48,29.44,0.36,0.96,0.03,0.19,3.33,29.93,5.56,0,15.91,22.88,0.84,32.39,283.47,16.4,14.68,0.16,23.93,30.69,4.03,6.48,6.72
2010,6.33,1.62,5.8,0,5.64,0.01,71.68,0.81,63.51,4.57,3.86,0.01,0.02,34.53,0.03,18.56,5.7,0.19,3.17,0.3,10.83,1.8,2.45,259.3,0.15,4.3,12.12,1.56,5.79,8.68,41.58,0.09,5.32,17.78,8.87,622.62,38.01,0.05,0.53,0,2.48,3.02,6.33,0.26,5.83,2.44,3.73,6.29,0.3,0.01,4.77,8.18,18.92,1.99,0.02,2.08,1.62,54.48,0.49,4.99,60,0.23,0.49,1.69,50.22,3.8,5.82,0.01,6.76,4.19,0.95,1.52,2.1,4.11,8.17,0.37,340.1,88.62,28.35,5.02,10.93,1.34,18.73,0.33,12.9,0.73,12.48,25.91,0,0.22,2.35,3.36,2.22,0.6,0.88,0.3,1.67,0,4.77,0.34,11.66,4.03,13.49,0,11.87,0.03,0,3.42,0.11,57.84,0,1.29,8.38,0.07,8.6,3.31,22.86,2.49,0,7.27,9.73,21.62,5.29,10.69,39.1,0,5.1,0.73,2.6,0.05,0.63,71.48,0,1.8,1.14,11.95,9.22,16.62,32.47,3.48,0.1,1.39,13.88,58.2,2.37,0.01,0.02,0.01,0.06,0.01,3.6,5.12,5.91,0,1.08,0.02,2.07,1.04,0.02,7.77,23.83,8.51,25.81,2.83,50.5,0.3,0.61,5.63,2.66,5.51,2.58,26.06,30.88,0.37,1.16,0.03,0.2,3.27,29.98,5.53,0,16.64,24.47,0.74,31.88,289.14,15.78,15.22,0.17,22.24,29.81,4.16,6.97,7.15
2011,6.27,1.54,6,0,5.96,0.01,71.79,0.79,67.01,4.49,3.87,0.01,0.02,34.18,0.03,19.35,5.73,0.21,3.03,0.28,11.24,1.72,2.33,271.07,0.14,4.43,11.95,1.67,5.83,8.81,44.37,0.07,5.58,18.74,8.82,621.01,36.64,0.06,0.54,0,2.77,2.8,6.48,0.26,5.8,2.41,3.74,6.35,0.3,0.01,4.74,8.2,19.51,1.87,0.02,2.12,1.79,53.62,0.44,4.95,60.47,0.23,0.45,1.64,50.04,3.89,5.55,0.01,7.12,4.37,0.99,1.49,2.07,4.34,7.87,0.37,349.18,89.54,25.76,5.21,10.87,1.42,17.89,0.32,12.05,0.73,13.75,25.81,0,0.24,2.48,3.48,2.29,0.7,0.88,0.32,1.7,0,4.86,0.33,11.89,4.28,14.25,0,11.78,0.03,0,3.51,0.12,57.73,0,1.21,8.97,0.06,8.73,3.5,23.89,2.5,0,7.65,9.74,21.82,5.46,10.91,40.7,0,5.05,0.68,2.59,0.05,0.68,71.92,0,1.84,1.1,12.45,9.39,16.68,31.52,3.47,0.11,1.32,12.69,62.42,2.33,0.01,0.01,0.01,0.06,0.01,4.05,4.99,5.13,0,1.19,0.02,1.96,1,0.02,7.8,24.15,8.25,24.34,2.95,47.84,0.29,0.61,5.71,2.69,5.93,2.52,27.34,31.71,0.36,1.16,0.03,0.2,3.3,29.33,5.47,0,16.84,26.31,0.74,32.45,287.13,15.88,15.78,0.17,22.88,29.24,4.16,6.77,7.49
2012,6.27,1.63,6.35,0,6.06,0.01,71.39,0.89,65.5,4.31,3.85,0.02,0.02,33.8,0.03,19.12,5.74,0.22,3.13,0.29,11.62,1.75,2.08,265.22,0.15,4.38,12.65,1.73,5.58,8.73,46.35,0.07,5.67,19.84,9.01,640.25,35.11,0.06,0.56,0,2.67,2.72,6.45,0.25,5.8,2.49,3.87,6.28,0.3,0.01,4.71,7.88,18.35,1.94,0.02,2.15,1.78,56.06,0.45,4.94,62.26,0.24,0.45,1.73,49.24,4.44,5.65,0.01,7.26,4.63,1.01,1.52,2.06,4.39,7.97,0.37,337.88,93.29,26.03,5.32,11.43,1.45,18.35,0.34,11.9,0.73,12.7,26.22,0,0.26,2.5,3.62,2.35,0.76,0.82,0.32,1.69,0,4.92,0.32,11.83,4.54,14.17,0,12.59,0.03,0,3.63,0.12,59.03,0,1.17,9.76,0.07,8.63,3.63,24.35,2.88,0,7.77,9.69,21.73,5.84,11.58,41.82,0,5.25,0.67,2.63,0.06,0.69,67.78,0,1.9,1.15,12.77,9.25,15.82,30.91,3.39,0.12,1.42,12.15,60.73,2.43,0.01,0.02,0.01,0.06,0.01,4.22,5.28,5.7,0,1.29,0.02,1.89,0.99,0.02,7.86,23.5,8.62,22.45,2.84,27.07,0.24,0.63,5.59,2.7,5.67,2.8,28.84,30.34,0.37,1.17,0.03,0.2,2.95,32.12,5.58,0,17.52,26.15,0.73,32.65,282.54,16.53,16.54,0.18,24.82,30.02,4.2,8.06,7.19
2013,6.5,1.57,6.54,0,6.41,0.01,72.89,0.95,67.36,4.47,3.97,0.02,0.02,34.28,0.03,18.62,5.62,0.27,3.28,0.29,11.92,1.85,2.07,275.48,0.16,4.86,12.74,1.92,5.71,9.11,47.13,0.07,5.75,20.91,8.36,646.55,34.79,0.06,0.57,0,2.69,2.8,6.7,0.22,6.44,2.52,4,6.12,0.3,0.01,4.58,7.88,18.35,1.79,0.02,2.19,1.8,57.48,0.47,4.96,63.82,0.24,0.45,1.81,51.62,4.55,5.67,0.01,8.1,4.86,1.03,1.59,2.02,4.5,8.69,0.34,351.93,90.14,25.57,5.52,11.4,1.51,18.36,0.33,12.29,0.8,13.05,26.98,0,0.27,2.55,3.7,2.38,0.72,0.76,0.32,1.7,0,4.99,0.33,11.87,4.74,13.64,0,13.3,0.03,0,3.73,0.11,63.74,0,1.44,10.54,0.07,8.9,3.64,25.79,2.57,0,8.3,9.71,22.11,5.92,12.25,43.74,0,5.75,0.68,2.65,0.07,0.8,75.25,0,1.97,1.15,13.4,9.49,17.02,31.26,3.5,0.14,1.47,13.36,62.06,2.45,0,0.01,0.01,0.06,0.01,4.14,5.23,6.49,0,1.26,0.02,2.08,0.96,0.02,7.87,23.27,8.78,24.86,2.65,26.78,0.26,0.62,5.53,2.63,4.94,2.83,30.97,30.79,0.39,1.31,0.03,0.21,2.91,34.61,5.57,0,18.21,28.5,0.79,32.44,290.6,16.29,17.01,0.18,24.87,31.85,4.32,8.6,7.34
2014,6.46,1.75,6.82,0,6.71,0.01,75.13,0.94,68.74,4.77,4.05,0.02,0.02,36.04,0.03,18.14,5.95,0.27,3.42,0.29,11.7,2.07,1.72,283.93,0.15,5.61,13.21,1.9,5.66,8.98,47.03,0.07,5.76,22.1,8.28,625.6,35.38,0.06,0.59,0,2.8,2.9,7,0.23,6.76,2.81,4.16,6.39,0.3,0.01,4.75,8.17,18.77,1.68,0.02,2.2,1.77,59.76,0.25,4.96,66.7,0.25,0.48,1.78,54.17,4.59,5.65,0.01,7.85,5.11,1.04,1.57,2.15,4.38,9.24,0.36,340.49,93.56,23.16,5.28,11.52,1.51,18.75,0.33,11.88,0.81,13.17,26.83,0,0.28,2.54,3.72,2.39,0.69,0.76,0.33,1.65,0,4.99,0.34,12.21,5.12,13.49,0,14.34,0.03,0,3.77,0.12,62.93,0,1.37,11.62,0.08,9.11,3.97,27.53,2.76,0,8.24,10.09,22.2,6.14,12.72,43.77,0,5.01,0.73,2.67,0.06,0.8,73.6,0,1.86,1.13,14.4,9.27,16.91,30.63,3.68,0.15,1.52,13.45,60.49,2.4,0,0.02,0.01,0.06,0.01,3.99,5.22,6.03,0,1.33,0.02,2.33,1.03,0.02,7.9,23.83,8.43,25.29,3.07,27.22,0.26,0.61,5.87,2.7,4.6,2.91,32.1,29.09,0.39,1.35,0.03,0.21,2.89,34.45,5.7,0,18.63,26.88,0.83,33.95,289.25,15.69,17.47,0.18,24.36,31.17,4.37,8.65,6.22
2015,6.83,1.71,7.08,0,6.81,0.01,74.05,1.06,66.25,4.69,4.54,0.02,0.03,36.59,0.03,17.14,5.64,0.28,3.26,0.28,11.86,1.89,1.71,278.81,0.15,5.35,13.53,1.86,5.84,9.44,46.57,0.08,5.94,24,8.46,628.56,36.11,0.06,0.59,0,2.82,2.75,6.93,0.24,6.84,2.72,4.27,6.54,0.31,0.01,5.02,7.74,19.25,1.74,0.02,2.22,1.81,60.68,0.28,4.95,64.51,0.27,0.53,1.64,50.3,4.74,5.37,0.01,8.09,5.3,1.04,1.67,2.16,4.44,8.79,0.36,351.16,94.48,22.33,4.17,11.49,1.57,18.47,0.32,11.44,0.89,14.12,26.58,0,0.3,2.59,3.89,2.48,0.72,0.73,0.33,1.61,0,5.05,0.35,12.1,5.55,13.12,0,15.14,0.03,0,4.02,0.11,61.5,0,1.38,12.29,0.07,8.95,3.37,27.29,2.71,0,8.81,10.2,21.79,6.53,13.31,43.14,0,4.66,0.72,2.69,0.06,0.82,77.99,0,1.81,1.16,14.03,9.69,16.29,29.36,3.61,0.18,1.82,13.64,61.9,2.83,0,0.02,0.01,0.07,0.01,4.28,5.47,5.25,0,1.33,0.02,2.14,1.05,0.02,7.91,22.5,8.67,25.11,3.22,27.24,0.27,0.61,5.92,2.61,4.25,3.12,32.39,26.38,0.42,1.23,0.03,0.21,3.04,35.62,5.98,0,18.65,25.67,0.88,33.2,300.74,15.84,18.46,0.17,23.91,35.39,4.15,8.71,6.63
2016,6.9,1.8,6.86,0,6.94,0.01,77.62,1.44,67.75,4.87,4.58,0.02,0.04,35.91,0.03,16.66,5.61,0.29,3.63,0.29,11.64,1.87,1.58,280.97,0.16,5.8,14.52,2.06,5.77,9.66,46.63,0.08,6.21,25.39,8.24,645.5,37.27,0.06,0.6,0,3.01,2.76,6.83,0.24,7.07,2.93,4.22,6.6,0.31,0.01,5.2,7.9,19.53,1.65,0.02,2.27,1.81,63.89,0.25,4.9,63.19,0.28,0.5,1.74,50.03,5.11,5.31,0.01,8.1,5.61,1.05,1.49,2.23,4.74,9.8,0.36,352.46,99.02,23.67,4.6,11.77,1.49,18.71,0.32,11.59,0.89,14.96,29.52,0,0.31,2.68,4.13,2.56,0.74,0.7,0.35,1.59,0,5.05,0.35,12.02,5.56,12.96,0,16.33,0.03,0,4.07,0.11,67.04,0,1.52,13.27,0.08,8.33,3.63,28.96,3.11,0,9.02,10.18,21.89,6.61,13.53,47.07,0,5.33,0.76,2.72,0.05,0.84,80.67,0,1.75,1.17,13.59,9.79,17.47,31.58,3.62,0.21,2.68,14.43,66.37,2.66,0,0.02,0.01,0.07,0.01,4.37,5.76,5.79,0,1.38,0.02,2.33,1.06,0.02,7.84,22.35,8.87,24.89,2.24,30.38,0.29,0.6,5.85,2.66,4.37,3.05,34.01,29.13,0.43,2.15,0.03,0.22,3.18,38.16,5.87,0,19.25,28.43,0.89,33.3,308.86,15.71,19.59,0.15,23.97,34.7,4.19,8.65,6.73
2017,6.89,1.66,6.78,0,7.13,0.01,79.07,1.14,69.28,4.62,4.34,0.02,0.05,36.33,0.03,17.19,5.52,0.28,3.62,0.3,12.25,1.74,1.25,293.93,0.15,5.77,14.46,2.43,6.4,9.82,46.32,0.06,6.22,26.81,7.79,612.99,39.28,0.06,0.62,0,3.02,2.74,6.73,0.24,6.85,2.91,4.37,6.72,0.3,0.01,5.25,8.16,19.22,1.55,0.02,2.24,1.86,65.67,0.25,4.87,63.62,0.33,0.52,1.56,49.37,5.79,5.22,0.01,8.3,6.44,1.08,1.39,2.2,4.9,9.59,0.36,355.86,104.74,22.89,4.75,12.18,1.57,18.04,0.32,11.61,0.84,16.57,28.54,0,0.32,2.73,4.22,2.57,0.74,0.8,0.37,1.74,0,5.08,0.36,12.54,6.06,12.98,0,16.69,0.02,0,4.07,0.11,67.53,0,1.54,14.07,0.07,9.26,4.06,32.06,2.99,0,8.92,9.95,21.85,6.71,14.4,51.14,0,4.95,0.7,2.7,0.06,0.86,83.5,0,1.76,1.21,14.03,10.03,19.68,33.45,3.57,0.23,2.71,14.62,66.84,2.76,0,0.02,0.01,0.06,0.02,4.23,5.98,5.28,0,1.41,0.02,2.21,1.04,0.02,7.76,24.08,8.79,25.34,2.09,29.55,0.3,0.62,6.05,2.67,3.69,3.15,33.43,31.84,0.43,1.65,0.03,0.23,3,38.13,5.91,0,20.02,28.01,0.91,34.37,302.53,15.78,19.72,0.15,23.94,34.73,4.11,9.43,7.59
2018,6.38,1.59,6.86,0,7.19,0.01,79.79,1.11,66.03,4.58,4.64,0.02,0.05,37.62,0.03,16.9,5.41,0.26,4.43,0.29,12.55,1.83,1.2,293.46,0.15,5.76,15.09,2.5,6.42,9.81,48.31,0.06,6.31,28.34,7.57,604.77,38.66,0.06,0.62,0,3.07,2.85,6.49,0.25,6.38,3.11,4.33,6.29,0.3,0.01,5.4,8.38,18.92,1.52,0.02,2.4,1.87,66.35,0.25,4.92,64.56,0.31,0.69,1.54,44.62,6.01,5.23,0.01,8.26,6.46,1.08,1.77,2.13,4.99,10.37,0.35,360.44,108.27,23.79,4.9,11.29,1.63,18.74,0.32,11.59,0.86,16.65,28.53,0,0.32,2.76,4.19,2.47,0.79,0.74,0.38,1.67,0,4.86,0.36,12.02,7.56,11.65,0,18.05,0.02,0,4.12,0.11,67.94,0,1.71,14.24,0.07,9.58,4.01,33.25,2.94,0,9.19,9.28,21.91,6.38,15.35,52.32,0,6.79,0.69,2.7,0.07,0.88,81.45,0,1.77,1.26,14.05,9.54,17.96,30.84,3.56,0.25,2.66,15.53,66.2,2.68,0,0.02,0.01,0.07,0.02,4.34,6.3,4.94,0,1.45,0.02,2.35,1.04,0.02,7.71,22.64,9.04,26.37,1.99,30.42,0.26,0.62,5.7,2.55,3.77,3.09,35.27,28.38,0.42,3.07,0.03,0.22,3.14,38.93,5.93,0,20.71,29.92,0.91,33.45,304.85,15.46,20.33,0.15,22.36,34.76,3.82,8.77,6.84
2019,6.4,1.63,6.86,0,7.31,0.01,79.86,1.05,62.5,4.4,4.8,0.02,0.05,38.35,0.03,16.43,5.39,0.29,4.87,0.31,12.26,1.89,1.22,302.06,0.15,5.67,14.88,2.31,6.25,9.91,47.78,0.06,6.5,30,7.82,566.96,37.99,0.06,0.64,0,3.1,2.87,6.58,0.25,6.15,3.23,4.46,6.59,0.3,0.01,5.47,9.27,17.63,1.28,0.02,2.37,1.92,69.86,0.29,4.98,63.4,0.32,0.59,1.44,45.51,6.44,5.03,0.01,8.4,6.86,1.1,1.83,2.16,4.66,10.03,0.35,375.99,106.5,24.89,5.42,11.26,1.65,18.98,0.33,11.53,0.85,17.02,32.59,0,0.34,2.81,4.24,2.36,0.74,0.71,0.39,1.64,0,5.04,0.35,12.08,8.24,11.28,0,18.4,0.02,0,4.18,0.12,67.2,0,1.54,15.06,0.08,9.15,4.4,35.78,2.94,0,9.3,9.35,21.71,6.59,16,53.88,0,5.15,0.62,2.72,0.07,0.9,89.8,0,1.73,1.25,14.18,10.14,18.72,30.4,3.51,0.26,2.61,15.22,67.67,2.88,0,0.02,0.01,0.06,0.02,4.44,6.23,5.4,0,1.54,0.02,2.27,1.03,0.02,7.73,22.65,9.09,25.13,2.29,30.15,0.25,0.61,5.89,2.59,4.15,3.38,36.31,25.93,0.42,1.9,0.03,0.22,3.14,40.33,6.19,0,21.67,29.23,0.92,34.11,308.74,15.16,20.91,0.15,22.26,33.86,4.09,8.85,7.29
2020,6.5,1.58,6.86,0,7.46,0.01,82.24,1.1,65.72,4.6,5.34,0.02,0.05,39.66,0.03,17.13,5.25,0.31,4.57,0.32,12.94,1.79,1.2,318.58,0.15,5.82,15.59,2.21,6.3,9.63,51.74,0.06,6.54,31.63,8.08,574.84,40.18,0.06,0.7,0,3.02,2.88,6.18,0.26,6.24,3.15,4.43,6.5,0.3,0.01,5.59,8.51,17.57,1.44,0.02,2.33,2.02,73.95,0.27,4.99,64.36,0.28,0.52,1.69,44.41,6.71,5.23,0.01,9.27,7.13,1.12,1.72,2.1,4.78,10.15,0.35,389.96,114.48,26.18,5.49,11.35,1.73,18.87,0.32,11.46,0.84,18.2,33.8,0,0.34,2.89,4.26,2.46,0.74,0.75,0.4,1.66,0,5.22,0.34,11.81,8.72,11.73,0,19.92,0.02,0,4.23,0.11,66.2,0,1.52,15.12,0.09,9.38,4.49,37.44,2.78,0,9.84,9.24,21.53,6.77,16.81,54.35,0,4.64,0.66,2.74,0.08,0.92,91.66,0,1.74,1.25,15.29,10.09,19.12,29.96,3.65,0.26,2.72,15.08,69.85,2.87,0,0.02,0.01,0.06,0.02,4.73,6.31,5.62,0,1.78,0.02,2.35,1.03,0.02,7.73,23.5,9.09,27.01,2.93,30.25,0.26,0.62,6.02,2.56,4.33,3.4,36.52,28.78,0.42,1.65,0.03,0.23,3.06,42.83,5.74,0,21.9,27.85,0.92,33.24,302.98,15.89,20.69,0.14,23.03,35.12,4.07,9.07,7.17
,,,,,,,,,,,,,,,,,,,,,,,,,,,,,,,,,,,,,,,,,,,,,,,,,,,,,,,,,,,,,,,,,,,,,,,,,,,,,,,,,,,,,,,,,,,,,,,,,,,,,,,,,,,,,,,,,,,,,,,,,,,,,,,,,,,,,,,,,,,,,,,,,,,,,,,,,,,,,,,,,,,,,,,,,,,,,,,,,,,,,,,,,,,,,,,,,,
SOURCES,,,,,,,,,,,,,,,,,,,,,,,,,,,,,,,,,,,,,,,,,,,,,,,,,,,,,,,,,,,,,,,,,,,,,,,,,,,,,,,,,,,,,,,,,,,,,,,,,,,,,,,,,,,,,,,,,,,,,,,,,,,,,,,,,,,,,,,,,,,,,,,,,,,,,,,,,,,,,,,,,,,,,,,,,,,,,,,,,,,,,,,,,,,,,,,,,,
Direct emissions from agriculture,"EDGAR v7 (Crippa et al., 2021)<br />
FAOSTAT (Tubiello et al., 2022)<br />
NMIP2 models: CLASSIC, DLEM, ELM, ISAM, LPX-Bern, O-CN, ORCHIDEE, VISIT (Tian et al., 2024)<br />
SRNM (Wang et al., 2020)<br />
an IPCC Tier 2 inventory (Zhang et al., 2024)<br /><br />
<b>Reference:</b><br />
Crippa M, Guizzardi D, Solazzo E, et al. GHG emissions of all world countries[J]. Publications Office of the European Union, 2021. <br />
Hu M, Chen D, Dahlgren R A. Modeling nitrous oxide emission from rivers: a global assessment[J]. Global change biology, 2016, 22(11): 3566-3582.<br />
Lauerwald R, Regnier P, Figueiredo V, et al. Natural lakes are a minor global source of N2O to the atmosphere[J]. Global Biogeochemical Cycles, 2019, 33(12): 1564-1581.<br />
Maavara T, Lauerwald R, Laruelle G G, et al. Nitrous oxide emissions from inland waters: Are IPCC estimates too high?[J]. Global change biology, 2019, 25(2): 473-488.<br />
Marzadri A, Amatulli G, Tonina D, et al. Global riverine nitrous oxide emissions: The role of small streams and large rivers[J]. Science of The Total Environment, 2021, 776: 145148.<br />
Rosentreter J A, Laruelle G G, Bange H W, et al. Coastal vegetation and estuaries are collectively a greenhouse gas sink[J]. Nature climate change, 2023, 13(6): 579-587.<br />
Tian H, Xu R, Canadell J G, et al. A comprehensive quantification of global nitrous oxide sources and sinks[J]. Nature, 2020, 586(7828): 248-256.<br />
Tian H, Pan N, Thompson R L, et al. Global Nitrous Oxide Budget 1980–2020[J]. Earth System Science Data, 2024.<br />
Tubiello F N, Karl K, Flammini A, et al. Pre-and post-production processes increasingly dominate greenhouse gas emissions from agri-food systems[J]. Earth System Science Data, 2022, 14(4).<br />
Van Der Werf G R, Randerson J T, Giglio L, et al. Global fire emissions estimates during 1997–2016[J]. Earth System Science Data, 2017, 9(2): 697-720.<br />
Wang Q, Zhou F, Shang Z, et al. Data-driven estimates of global nitrous oxide emissions from croplands[J]. National science review, 2020, 7(2): 441-452.<br />
Yao Y, Tian H, Shi H, et al. Increased global nitrous oxide emissions from streams and rivers in the Anthropocene[J]. Nature Climate Change, 2020, 10(2): 138-142.<br />
Zhang L, Pan S, Ouyang Z, et al. Global nitrous oxide emissions from livestock manure during 1890−2020: An IPCC Tier 2 inventory, 2024.
",,,,,,,,,,,,,,,,,,,,,,,,,,,,,,,,,,,,,,,,,,,,,,,,,,,,,,,,,,,,,,,,,,,,,,,,,,,,,,,,,,,,,,,,,,,,,,,,,,,,,,,,,,,,,,,,,,,,,,,,,,,,,,,,,,,,,,,,,,,,,,,,,,,,,,,,,,,,,,,,,,,,,,,,,,,,,,,,,,,,,,,,,,,,,,,,,